{"v":"4.8.0","meta":{"g":"LottieFiles AE 1.0.0","a":"","k":"","d":"","tc":""},"fr":24,"ip":0,"op":24,"w":200,"h":200,"nm":"mic","ddd":0,"assets":[],"layers":[{"ddd":0,"ind":1,"ty":4,"nm":"bottom","sr":1,"ks":{"o":{"a":0,"k":100,"ix":11},"r":{"a":0,"k":0,"ix":10},"p":{"a":0,"k":[99.995,99.995,0],"ix":2},"a":{"a":0,"k":[99.995,99.995,0],"ix":1},"s":{"a":0,"k":[100,100,100],"ix":6}},"ao":0,"shapes":[{"ty":"gr","it":[{"ind":0,"ty":"sh","ix":1,"ks":{"a":0,"k":{"i":[[62.695,-50.204],[52.18,-47.171],[51.187,-31.886],[22.099,7.585],[-41.888,-6.093999999999998],[-52.18,-37.601],[-55.213,-50.204],[-65.727,-47.171],[-64.463,-28.776],[-31.535,18.207],[-6.398,20.653000000000002],[-6.398,43.43],[-3.365,50.203],[7.149,47.171],[7.149,20.661],[7.134,20.609],[53.504,1.6189999999999998],[65.727,-36.028]],"o":[[55.213,-50.204],[52.18,-37.601],[41.882,-6.093999999999998],[-22.105,7.585],[-51.189,-31.886],[-52.18,-47.171],[-62.695,-50.204],[-65.727,-36.028],[-53.418,1.852999999999998],[-6.395,20.646],[-6.398,20.661],[-6.398,47.171],[4.117,50.203],[7.149,43.43],[7.149,20.632],[31.962999999999997,17.899],[64.461,-28.776],[65.727,-47.171]],"v":[[58.954,-50.204],[52.18,-43.43],[49.232,-26.453],[-0.003,7.585],[-49.229,-26.453],[-52.18,-43.43],[-58.954,-50.204],[-65.727,-43.43],[-61.973,-21.861],[-6.395,20.639],[-6.398,20.661],[-6.398,43.43],[0.376,50.203],[7.149,43.43],[7.149,20.661],[7.133,20.582],[61.967,-21.861],[65.727,-43.43]],"c":true},"ix":2},"nm":"Path 1","mn":"ADBE Vector Shape - Group","hd":false,"_render":true},{"ty":"fl","c":{"a":0,"k":[0,0,0,1],"ix":4},"o":{"a":0,"k":100,"ix":5},"r":1,"bm":0,"nm":"Fill 1","mn":"ADBE Vector Graphic - Fill","hd":false,"_render":true},{"ty":"tr","p":{"a":0,"k":[99.94,145.269],"ix":2},"a":{"a":0,"k":[0,0],"ix":1},"s":{"a":0,"k":[100,100],"ix":3},"r":{"a":0,"k":0,"ix":6},"o":{"a":0,"k":100,"ix":7},"sk":{"a":0,"k":0,"ix":4},"sa":{"a":0,"k":0,"ix":5},"nm":"Transform","_render":true}],"nm":"Group 1","np":2,"cix":2,"bm":0,"ix":1,"mn":"ADBE Vector Group","hd":false,"_render":true}],"ip":0,"op":720,"st":0,"bm":0,"completed":true},{"ddd":0,"ind":2,"ty":4,"nm":"top","sr":1,"ks":{"o":{"a":0,"k":100,"ix":11},"r":{"a":0,"k":0,"ix":10},"p":{"a":0,"k":[99.995,99.995,0],"ix":2},"a":{"a":0,"k":[99.995,99.995,0],"ix":1},"s":{"a":0,"k":[100,100,100],"ix":6}},"ao":0,"shapes":[{"ty":"gr","it":[{"ind":0,"ty":"sh","ix":1,"ks":{"a":0,"k":{"i":[[13.439,-54.301],[-24.369,-43.37],[-24.369,29.927],[-13.439,54.301],[24.369,43.37],[24.369,-29.932]],"o":[[-13.439,-54.301],[-24.369,-29.932],[-24.369,43.37],[13.439,54.301],[24.369,29.927],[24.369,-43.37]],"v":[[0,-54.301],[-24.369,-29.932],[-24.369,29.927],[0,54.301],[24.369,29.927],[24.369,-29.932]],"c":true},"ix":2},"nm":"Path 1","mn":"ADBE Vector Shape - Group","hd":false,"_render":true},{"ind":1,"ty":"sh","ix":2,"ks":{"a":0,"k":{"i":[[20.902,67.849],[-37.917,50.834],[-37.917,-29.932],[-20.907,-67.849],[37.917,-50.839],[37.917,29.927]],"o":[[-20.907,67.849],[-37.917,29.927],[-37.917,-50.839],[20.902,-67.849],[37.917,-29.932],[37.917,50.834]],"v":[[0,67.849],[-37.917,29.927],[-37.917,-29.932],[0,-67.849],[37.917,-29.932],[37.917,29.927]],"c":true},"ix":2},"nm":"Path 2","mn":"ADBE Vector Shape - Group","hd":false,"_render":true},{"ty":"mm","mm":1,"nm":"Merge Paths 1","mn":"ADBE Vector Filter - Merge","hd":false,"_render":true},{"ty":"fl","c":{"a":0,"k":[0,0,0,1],"ix":4},"o":{"a":0,"k":100,"ix":5},"r":1,"bm":0,"nm":"Fill 1","mn":"ADBE Vector Graphic - Fill","hd":false,"_render":true},{"ty":"tr","p":{"a":0,"k":[100.486,71.544],"ix":2},"a":{"a":0,"k":[0,0],"ix":1},"s":{"a":0,"k":[100,100],"ix":3},"r":{"a":0,"k":0,"ix":6},"o":{"a":0,"k":100,"ix":7},"sk":{"a":0,"k":0,"ix":4},"sa":{"a":0,"k":0,"ix":5},"nm":"Transform","_render":true}],"nm":"Group 1","np":4,"cix":2,"bm":0,"ix":1,"mn":"ADBE Vector Group","hd":false,"_render":true}],"ip":0,"op":720,"st":0,"bm":0,"completed":true},{"ddd":0,"ind":3,"ty":4,"nm":"wave","sr":1,"ks":{"o":{"a":1,"k":[{"i":{"x":[0.833],"y":[0.833]},"o":{"x":[0.167],"y":[0.167]},"t":2,"s":[0]},{"t":3,"s":[100]}],"ix":11},"r":{"a":0,"k":0,"ix":10},"p":{"a":0,"k":[101,128,0],"ix":2},"a":{"a":0,"k":[1.22,33,0],"ix":1},"s":{"a":1,"k":[{"i":{"x":[0.41,0.54,0.667],"y":[1,1,1]},"o":{"x":[0.59,1,0.333],"y":[0,0,0]},"t":0,"s":[89,0,100]},{"i":{"x":[0.24,0,0.667],"y":[1,1,1]},"o":{"x":[0.547,0.56,0.333],"y":[0,0,0]},"t":4,"s":[89,94,100]},{"i":{"x":[0.456,0.208,0.667],"y":[1,1,1]},"o":{"x":[0.784,0.928,0.333],"y":[0,0,0]},"t":7,"s":[89,54,100]},{"i":{"x":[0.667,0.667,0.667],"y":[1,1,1]},"o":{"x":[0.54,1,0.333],"y":[0,0,0]},"t":12,"s":[89,95,100]},{"i":{"x":[0.667,0.667,0.667],"y":[1,1,1]},"o":{"x":[0.6,1,0.333],"y":[0,0,0]},"t":16,"s":[89,36,100]},{"i":{"x":[0.667,0.667,0.667],"y":[1,1,1]},"o":{"x":[0.66,1,0.333],"y":[0,0,0]},"t":20,"s":[89,109,100]},{"t":22,"s":[89,34,100]}],"ix":6}},"ao":0,"shapes":[{"ty":"gr","it":[{"ty":"rc","d":1,"s":{"a":0,"k":[62.934,92.652],"ix":2},"p":{"a":0,"k":[0,0],"ix":3},"r":{"a":0,"k":10,"ix":4},"nm":"Rectangle Path 1","mn":"ADBE Vector Shape - Rect","hd":false,"_render":true},{"ty":"st","c":{"a":0,"k":[0.53,0.53,0.53,1],"ix":3},"o":{"a":0,"k":100,"ix":4},"w":{"a":0,"k":0,"ix":5},"lc":1,"lj":1,"ml":4,"bm":0,"nm":"Stroke 1","mn":"ADBE Vector Graphic - Stroke","hd":false,"_render":true},{"ty":"fl","c":{"a":0,"k":[0,0,0,1],"ix":4},"o":{"a":0,"k":100,"ix":5},"r":1,"bm":0,"nm":"Fill 1","mn":"ADBE Vector Graphic - Fill","hd":false,"_render":true},{"ty":"tr","p":{"a":0,"k":[-0.533,-13.674],"ix":2},"a":{"a":0,"k":[0,0],"ix":1},"s":{"a":0,"k":[100,100],"ix":3},"r":{"a":0,"k":0,"ix":6},"o":{"a":0,"k":100,"ix":7},"sk":{"a":0,"k":0,"ix":4},"sa":{"a":0,"k":0,"ix":5},"nm":"Transform","_render":true}],"nm":"Rectangle 1","np":3,"cix":2,"bm":0,"ix":1,"mn":"ADBE Vector Group","hd":false,"_render":true}],"ip":0,"op":720,"st":0,"bm":0,"completed":true}],"markers":[],"__complete":true}